Use Bookworm

-- IDIOMAS
SET IDENTITY_INSERT [dbo].[Idiomas] ON 
INSERT [dbo].[Idiomas] ([ID], [Nombre]) VALUES (1, N'Español')
INSERT [dbo].[Idiomas] ([ID], [Nombre]) VALUES (2, N'Inglés')
INSERT [dbo].[Idiomas] ([ID], [Nombre]) VALUES (3, N'Francés')
INSERT [dbo].[Idiomas] ([ID], [Nombre]) VALUES (4, N'Italiano')
INSERT [dbo].[Idiomas] ([ID], [Nombre]) VALUES (5, N'Ruso')
INSERT [dbo].[Idiomas] ([ID], [Nombre]) VALUES (6, N'Alemán')
INSERT [dbo].[Idiomas] ([ID], [Nombre]) VALUES (7, N'Portugués')
SET IDENTITY_INSERT [dbo].[Idiomas] OFF

-- EDITORIALES
SET IDENTITY_INSERT [dbo].[Editoriales] ON 
INSERT [dbo].[Editoriales] ([ID], [Nombre]) VALUES (1, N'Acantilado')
INSERT [dbo].[Editoriales] ([ID], [Nombre]) VALUES (2, N'Alfaguara')
INSERT [dbo].[Editoriales] ([ID], [Nombre]) VALUES (3, N'Amazonia Editorial')
INSERT [dbo].[Editoriales] ([ID], [Nombre]) VALUES (4, N'Anfora')
INSERT [dbo].[Editoriales] ([ID], [Nombre]) VALUES (5, N'Avon')
INSERT [dbo].[Editoriales] ([ID], [Nombre]) VALUES (6, N'Createspace')
INSERT [dbo].[Editoriales] ([ID], [Nombre]) VALUES (7, N'Crown Publishers')
INSERT [dbo].[Editoriales] ([ID], [Nombre]) VALUES (8, N'Debolsillo')
INSERT [dbo].[Editoriales] ([ID], [Nombre]) VALUES (9, N'del Nuevo Extremo')
INSERT [dbo].[Editoriales] ([ID], [Nombre]) VALUES (10, N'Dolmen')
INSERT [dbo].[Editoriales] ([ID], [Nombre]) VALUES (11, N'Doubleday Books')
INSERT [dbo].[Editoriales] ([ID], [Nombre]) VALUES (12, N'Ediciones B')
INSERT [dbo].[Editoriales] ([ID], [Nombre]) VALUES (13, N'Ediciones NACE')
INSERT [dbo].[Editoriales] ([ID], [Nombre]) VALUES (14, N'El Ateneo')
INSERT [dbo].[Editoriales] ([ID], [Nombre]) VALUES (15, N'Feedbooks')
INSERT [dbo].[Editoriales] ([ID], [Nombre]) VALUES (16, N'Grijalbo')
INSERT [dbo].[Editoriales] ([ID], [Nombre]) VALUES (17, N'Harper')
INSERT [dbo].[Editoriales] ([ID], [Nombre]) VALUES (18, N'Indiana University')
INSERT [dbo].[Editoriales] ([ID], [Nombre]) VALUES (19, N'John Wiley & Sons')
INSERT [dbo].[Editoriales] ([ID], [Nombre]) VALUES (20, N'Mestas Ediciones')
INSERT [dbo].[Editoriales] ([ID], [Nombre]) VALUES (21, N'NAL')
INSERT [dbo].[Editoriales] ([ID], [Nombre]) VALUES (22, N'Planeta')
INSERT [dbo].[Editoriales] ([ID], [Nombre]) VALUES (23, N'Plaza y Janés')
INSERT [dbo].[Editoriales] ([ID], [Nombre]) VALUES (24, N'Pomaire')
INSERT [dbo].[Editoriales] ([ID], [Nombre]) VALUES (25, N'Raincoast Books')
INSERT [dbo].[Editoriales] ([ID], [Nombre]) VALUES (26, N'RBA')
INSERT [dbo].[Editoriales] ([ID], [Nombre]) VALUES (27, N'Scribner')
INSERT [dbo].[Editoriales] ([ID], [Nombre]) VALUES (28, N'Sergio Adrián Martin')
INSERT [dbo].[Editoriales] ([ID], [Nombre]) VALUES (29, N'Severed Press')
INSERT [dbo].[Editoriales] ([ID], [Nombre]) VALUES (30, N'Signet Classics')
INSERT [dbo].[Editoriales] ([ID], [Nombre]) VALUES (31, N'Sudamericana')
INSERT [dbo].[Editoriales] ([ID], [Nombre]) VALUES (32, N'The University of Chicago')
INSERT [dbo].[Editoriales] ([ID], [Nombre]) VALUES (33, N'Umbriel')
INSERT [dbo].[Editoriales] ([ID], [Nombre]) VALUES (34, N'University Press of Mississippi')
INSERT [dbo].[Editoriales] ([ID], [Nombre]) VALUES (35, N'Vergara Editor')
INSERT [dbo].[Editoriales] ([ID], [Nombre]) VALUES (36, N'Wiley-Blackwell')
SET IDENTITY_INSERT [dbo].[Editoriales] OFF

-- LIBROS
SET IDENTITY_INSERT [dbo].[Libros] ON 
INSERT [dbo].[Libros] ([ID], [IDEditorial], [IDIdioma], [Titulo], [Año], [Precio], [Paginas]) VALUES (1, 5, 1, N'Prey', 2002, 1753.0000, 507)
INSERT [dbo].[Libros] ([ID], [IDEditorial], [IDIdioma], [Titulo], [Año], [Precio], [Paginas]) VALUES (2, 23, 1, N'El umbral de la noche', 1978, 33.0000, 424)
INSERT [dbo].[Libros] ([ID], [IDEditorial], [IDIdioma], [Titulo], [Año], [Precio], [Paginas]) VALUES (3, 17, 2, N'Blood, Sweat, and Pixels: The Triumphant, Turbulent Stories Behind How Video Games Are Made', 2017, 2577.0000, 304)
INSERT [dbo].[Libros] ([ID], [IDEditorial], [IDIdioma], [Titulo], [Año], [Precio], [Paginas]) VALUES (4, 3, 1, N'Mitos y Leyendas de la Edad Media', 2016, 995.0000, 175)
INSERT [dbo].[Libros] ([ID], [IDEditorial], [IDIdioma], [Titulo], [Año], [Precio], [Paginas]) VALUES (5, NULL, 1, N'La vida en la Edad Media', 2019, 2812.0000, 400)
INSERT [dbo].[Libros] ([ID], [IDEditorial], [IDIdioma], [Titulo], [Año], [Precio], [Paginas]) VALUES (6, 15, 1, N'Un escándalo en Bohemia (The Adventures of Sherlock Holmes, #1)', 1891, 4616.0000, 120)
INSERT [dbo].[Libros] ([ID], [IDEditorial], [IDIdioma], [Titulo], [Año], [Precio], [Paginas]) VALUES (7, 29, 2, N'A Game Called Quest: A Retro LitRPG Novel', 2018, 309.0000, 220)
INSERT [dbo].[Libros] ([ID], [IDEditorial], [IDIdioma], [Titulo], [Año], [Precio], [Paginas]) VALUES (8, NULL, 2, N'Video Game Development - The Rock and Roll Years: My Life in Pixels', 2017, 4765.0000, 265)
INSERT [dbo].[Libros] ([ID], [IDEditorial], [IDIdioma], [Titulo], [Año], [Precio], [Paginas]) VALUES (9, 16, 1, N'Las cuatro estaciones - Otoño/Invierno', 1982, 771.0000, 294)
INSERT [dbo].[Libros] ([ID], [IDEditorial], [IDIdioma], [Titulo], [Año], [Precio], [Paginas]) VALUES (10, 8, 1, N'Las cuatro estaciones I: Primavera y verano', 1982, 1540.0000, 392)
INSERT [dbo].[Libros] ([ID], [IDEditorial], [IDIdioma], [Titulo], [Año], [Precio], [Paginas]) VALUES (11, 23, 1, N'Todo oscuro, sin estrellas', 2010, 2515.0000, 438)
INSERT [dbo].[Libros] ([ID], [IDEditorial], [IDIdioma], [Titulo], [Año], [Precio], [Paginas]) VALUES (12, 36, 2, N'History of Food', 1987, 4116.0000, 824)
INSERT [dbo].[Libros] ([ID], [IDEditorial], [IDIdioma], [Titulo], [Año], [Precio], [Paginas]) VALUES (13, 12, 1, N'La flor de lis y el león (Los Reyes Malditos, #6)', 1959, 4183.0000, 344)
INSERT [dbo].[Libros] ([ID], [IDEditorial], [IDIdioma], [Titulo], [Año], [Precio], [Paginas]) VALUES (14, 11, 2, N'The Stand', 1978, 2065.0000, 1153)
INSERT [dbo].[Libros] ([ID], [IDEditorial], [IDIdioma], [Titulo], [Año], [Precio], [Paginas]) VALUES (15, 27, 2, N'Pet Sematary', 1983, 172.0000, 580)
INSERT [dbo].[Libros] ([ID], [IDEditorial], [IDIdioma], [Titulo], [Año], [Precio], [Paginas]) VALUES (16, 12, 1, N'De cómo un rey perdió Francia (Los Reyes Malditos, #7)', 1977, 3698.0000, 360)
INSERT [dbo].[Libros] ([ID], [IDEditorial], [IDIdioma], [Titulo], [Año], [Precio], [Paginas]) VALUES (17, 12, 1, N'La loba de Francia (Los Reyes Malditos, #5)', 1959, 1817.0000, 344)
INSERT [dbo].[Libros] ([ID], [IDEditorial], [IDIdioma], [Titulo], [Año], [Precio], [Paginas]) VALUES (18, 12, 1, N'La ley de los varones (Los Reyes Malditos, #4)', 1957, 3752.0000, 352)
INSERT [dbo].[Libros] ([ID], [IDEditorial], [IDIdioma], [Titulo], [Año], [Precio], [Paginas]) VALUES (19, 2, 1, N'Alicia en el País de las Maravillas', 1865, 465.0000, 173)
INSERT [dbo].[Libros] ([ID], [IDEditorial], [IDIdioma], [Titulo], [Año], [Precio], [Paginas]) VALUES (20, 23, 1, N'La niebla', 1985, 4235.0000, 314)
INSERT [dbo].[Libros] ([ID], [IDEditorial], [IDIdioma], [Titulo], [Año], [Precio], [Paginas]) VALUES (21, 8, 1, N'El mundo en juegos', 2005, 975.0000, 264)
INSERT [dbo].[Libros] ([ID], [IDEditorial], [IDIdioma], [Titulo], [Año], [Precio], [Paginas]) VALUES (22, 26, 1, N'Los venenos de la corona (Los Reyes Malditos, #3)', 1956, 2204.0000, 352)
INSERT [dbo].[Libros] ([ID], [IDEditorial], [IDIdioma], [Titulo], [Año], [Precio], [Paginas]) VALUES (23, 12, 1, N'La cúpula', 2009, 2081.0000, 1136)
INSERT [dbo].[Libros] ([ID], [IDEditorial], [IDIdioma], [Titulo], [Año], [Precio], [Paginas]) VALUES (24, 23, 1, N'Poema de mio Cid', 1140, 3755.0000, 153)
INSERT [dbo].[Libros] ([ID], [IDEditorial], [IDIdioma], [Titulo], [Año], [Precio], [Paginas]) VALUES (25, 20, 2, N'Operating System Concepts', 1985, 115.0000, 944)
INSERT [dbo].[Libros] ([ID], [IDEditorial], [IDIdioma], [Titulo], [Año], [Precio], [Paginas]) VALUES (26, 19, 2, N'Visual Studio Code Succinctly', 2009, 4354.0000, 90)
INSERT [dbo].[Libros] ([ID], [IDEditorial], [IDIdioma], [Titulo], [Año], [Precio], [Paginas]) VALUES (27, NULL, 1, N'La historia de Nintendo Más de 125 años de entretenimiento', 2018, 2694.0000, 229)
INSERT [dbo].[Libros] ([ID], [IDEditorial], [IDIdioma], [Titulo], [Año], [Precio], [Paginas]) VALUES (28, 10, 2, N'Whales: Giants Of The Seas And Oceans (New Horizons S.)', 1992, 1370.0000, 70)
INSERT [dbo].[Libros] ([ID], [IDEditorial], [IDIdioma], [Titulo], [Año], [Precio], [Paginas]) VALUES (29, NULL, 1, N'Rabia', 1977, 1227.0000, 274)
INSERT [dbo].[Libros] ([ID], [IDEditorial], [IDIdioma], [Titulo], [Año], [Precio], [Paginas]) VALUES (30, 35, 1, N'Historias de letras, palabras y frases', 2014, 2369.0000, 146)
INSERT [dbo].[Libros] ([ID], [IDEditorial], [IDIdioma], [Titulo], [Año], [Precio], [Paginas]) VALUES (31, 8, 1, N'Confesiones de un chef', 2000, 730.0000, 285)
INSERT [dbo].[Libros] ([ID], [IDEditorial], [IDIdioma], [Titulo], [Año], [Precio], [Paginas]) VALUES (32, 31, 1, N'A Cook''s Tour', 2001, 1090.0000, 274)
INSERT [dbo].[Libros] ([ID], [IDEditorial], [IDIdioma], [Titulo], [Año], [Precio], [Paginas]) VALUES (33, 9, 1, N'Historia de las palabras', 2011, 3653.0000, 205)
INSERT [dbo].[Libros] ([ID], [IDEditorial], [IDIdioma], [Titulo], [Año], [Precio], [Paginas]) VALUES (34, 25, 1, N'Buscando a Papá Noel', 2006, 2157.0000, 344)
INSERT [dbo].[Libros] ([ID], [IDEditorial], [IDIdioma], [Titulo], [Año], [Precio], [Paginas]) VALUES (35, NULL, 1, N'La reina estrangulada (Los Reyes Malditos, #2)', 1955, 1485.0000, 230)
INSERT [dbo].[Libros] ([ID], [IDEditorial], [IDIdioma], [Titulo], [Año], [Precio], [Paginas]) VALUES (36, 33, 1, N'Economía Descubierta', 2013, 1482.0000, 264)
INSERT [dbo].[Libros] ([ID], [IDEditorial], [IDIdioma], [Titulo], [Año], [Precio], [Paginas]) VALUES (37, 12, 1, N'La Economía de tu Vida', 2014, 4498.0000, 184)
INSERT [dbo].[Libros] ([ID], [IDEditorial], [IDIdioma], [Titulo], [Año], [Precio], [Paginas]) VALUES (38, 12, 2, N'The Iron King (The Accursed Kings, #1)', 1955, 3449.0000, 368)
INSERT [dbo].[Libros] ([ID], [IDEditorial], [IDIdioma], [Titulo], [Año], [Precio], [Paginas]) VALUES (39, 31, 1, N'Mientras escribo', 2000, 3070.0000, 318)
INSERT [dbo].[Libros] ([ID], [IDEditorial], [IDIdioma], [Titulo], [Año], [Precio], [Paginas]) VALUES (40, NULL, 1, N'Armada', 2015, 122.0000, 355)
INSERT [dbo].[Libros] ([ID], [IDEditorial], [IDIdioma], [Titulo], [Año], [Precio], [Paginas]) VALUES (41, 8, 1, N'Viaje al centro de la tierra', 1864, 4321.0000, 330)
INSERT [dbo].[Libros] ([ID], [IDEditorial], [IDIdioma], [Titulo], [Año], [Precio], [Paginas]) VALUES (42, NULL, 1, N'Carta de una desconocida', 1922, 584.0000, 66)
INSERT [dbo].[Libros] ([ID], [IDEditorial], [IDIdioma], [Titulo], [Año], [Precio], [Paginas]) VALUES (43, 28, 2, N'Ready Player One', 2011, 2283.0000, 374)
INSERT [dbo].[Libros] ([ID], [IDEditorial], [IDIdioma], [Titulo], [Año], [Precio], [Paginas]) VALUES (44, 1, 1, N'Colorado Kid', 2005, 1123.0000, 176)
INSERT [dbo].[Libros] ([ID], [IDEditorial], [IDIdioma], [Titulo], [Año], [Precio], [Paginas]) VALUES (45, 7, 2, N'Understanding Crohn Disease and Ulcerative Colitis', 2000, 984.0000, 132)
INSERT [dbo].[Libros] ([ID], [IDEditorial], [IDIdioma], [Titulo], [Año], [Precio], [Paginas]) VALUES (46, 8, 2, N'The Strange Case of Dr. Jekyll and Mr. Hyde', 1886, 4495.0000, 144)
INSERT [dbo].[Libros] ([ID], [IDEditorial], [IDIdioma], [Titulo], [Año], [Precio], [Paginas]) VALUES (47, 34, 1, N'Sombras y luces de la Edad Media', 2006, 2743.0000, 276)
INSERT [dbo].[Libros] ([ID], [IDEditorial], [IDIdioma], [Titulo], [Año], [Precio], [Paginas]) VALUES (48, 30, 1, N'Novela de ajedrez', 1942, 935.0000, 94)
INSERT [dbo].[Libros] ([ID], [IDEditorial], [IDIdioma], [Titulo], [Año], [Precio], [Paginas]) VALUES (49, 14, 1, N'El Pescador y su alma', 1896, 4786.0000, 129)
INSERT [dbo].[Libros] ([ID], [IDEditorial], [IDIdioma], [Titulo], [Año], [Precio], [Paginas]) VALUES (50, 1, 1, N'20.000 leguas de viaje submarino', 1869, 1789.0000, 200)
INSERT [dbo].[Libros] ([ID], [IDEditorial], [IDIdioma], [Titulo], [Año], [Precio], [Paginas]) VALUES (51, 4, 2, N'The Making of Prince of Persia', 2011, 205.0000, 330)
INSERT [dbo].[Libros] ([ID], [IDEditorial], [IDIdioma], [Titulo], [Año], [Precio], [Paginas]) VALUES (52, 2, 2, N'Animal Farm', 1945, 1534.0000, 122)
INSERT [dbo].[Libros] ([ID], [IDEditorial], [IDIdioma], [Titulo], [Año], [Precio], [Paginas]) VALUES (53, NULL, 1, N'El viejo y el mar', 1951, 2083.0000, 146)
INSERT [dbo].[Libros] ([ID], [IDEditorial], [IDIdioma], [Titulo], [Año], [Precio], [Paginas]) VALUES (54, 21, 2, N'A Brief History of the Internet', 2015, 3458.0000, 62)
INSERT [dbo].[Libros] ([ID], [IDEditorial], [IDIdioma], [Titulo], [Año], [Precio], [Paginas]) VALUES (55, 22, 1, N'La expedición', 1985, 2236.0000, 221)
INSERT [dbo].[Libros] ([ID], [IDEditorial], [IDIdioma], [Titulo], [Año], [Precio], [Paginas]) VALUES (56, 6, 1, N'Los ojos del dragón', 1987, 3872.0000, 395)
INSERT [dbo].[Libros] ([ID], [IDEditorial], [IDIdioma], [Titulo], [Año], [Precio], [Paginas]) VALUES (57, 8, 1, N'Historias inesperadas de la historia argentina: tragedias, misterios y delirios de nuestro pasado', 2009, 3272.0000, 283)
INSERT [dbo].[Libros] ([ID], [IDEditorial], [IDIdioma], [Titulo], [Año], [Precio], [Paginas]) VALUES (58, 8, 3, N'El principito: con todas las ilustraciones originales', 1943, 125.0000, 97)
INSERT [dbo].[Libros] ([ID], [IDEditorial], [IDIdioma], [Titulo], [Año], [Precio], [Paginas]) VALUES (59, 31, 1, N'Corazones en la Atlántida', 1999, 1826.0000, 533)
INSERT [dbo].[Libros] ([ID], [IDEditorial], [IDIdioma], [Titulo], [Año], [Precio], [Paginas]) VALUES (60, 13, 1, N'Insomnia', 1994, 3212.0000, 611)
INSERT [dbo].[Libros] ([ID], [IDEditorial], [IDIdioma], [Titulo], [Año], [Precio], [Paginas]) VALUES (61, 23, 1, N'La larga marcha', 1979, 4225.0000, 352)
INSERT [dbo].[Libros] ([ID], [IDEditorial], [IDIdioma], [Titulo], [Año], [Precio], [Paginas]) VALUES (62, 16, 2, N'Cell', 2006, 2461.0000, 448)
INSERT [dbo].[Libros] ([ID], [IDEditorial], [IDIdioma], [Titulo], [Año], [Precio], [Paginas]) VALUES (63, 8, 2, N'Carrie', 1974, 529.0000, 256)
INSERT [dbo].[Libros] ([ID], [IDEditorial], [IDIdioma], [Titulo], [Año], [Precio], [Paginas]) VALUES (64, 8, 1, N'IT', 1986, 1717.0000, 1093)
INSERT [dbo].[Libros] ([ID], [IDEditorial], [IDIdioma], [Titulo], [Año], [Precio], [Paginas]) VALUES (65, 8, 1, N'1984', 1949, 946.0000, 384)
INSERT [dbo].[Libros] ([ID], [IDEditorial], [IDIdioma], [Titulo], [Año], [Precio], [Paginas]) VALUES (66, 32, 2, N'Women''s Science', 1998, 1813.0000, 272)
INSERT [dbo].[Libros] ([ID], [IDEditorial], [IDIdioma], [Titulo], [Año], [Precio], [Paginas]) VALUES (67, 18, 2, N'Women of Science', 1993, 1335.0000, 397)
INSERT [dbo].[Libros] ([ID], [IDEditorial], [IDIdioma], [Titulo], [Año], [Precio], [Paginas]) VALUES (68, 24, 1, N'Backgammon', 1974, 652.0000, 209)
INSERT [dbo].[Libros] ([ID], [IDEditorial], [IDIdioma], [Titulo], [Año], [Precio], [Paginas]) VALUES (69, 17, NULL, N'Shop Cats of New York', 2016, 359.0000, 176)
INSERT [dbo].[Libros] ([ID], [IDEditorial], [IDIdioma], [Titulo], [Año], [Precio], [Paginas]) VALUES (70, NULL, NULL, N'Where''s Waldo: Social Distancing Edition', 2020, 2646.0000, 35)
SET IDENTITY_INSERT [dbo].[Libros] OFF

-- PAISES
INSERT [dbo].[Paises] ([ID], [Nombre]) VALUES (1, N'Alemania')
INSERT [dbo].[Paises] ([ID], [Nombre]) VALUES (2, N'Argentina')
INSERT [dbo].[Paises] ([ID], [Nombre]) VALUES (3, N'Austria')
INSERT [dbo].[Paises] ([ID], [Nombre]) VALUES (4, N'Escocia')
INSERT [dbo].[Paises] ([ID], [Nombre]) VALUES (5, N'España')
INSERT [dbo].[Paises] ([ID], [Nombre]) VALUES (6, N'Estados Unidos')
INSERT [dbo].[Paises] ([ID], [Nombre]) VALUES (7, N'Francia')
INSERT [dbo].[Paises] ([ID], [Nombre]) VALUES (8, N'India')
INSERT [dbo].[Paises] ([ID], [Nombre]) VALUES (9, N'Inglaterra')
INSERT [dbo].[Paises] ([ID], [Nombre]) VALUES (10, N'Italia')
INSERT [dbo].[Paises] ([ID], [Nombre]) VALUES (11, N'Suecia')

-- AUTORES
SET IDENTITY_INSERT [dbo].[Autores] ON 

INSERT [dbo].[Autores] ([ID], [IDPais], [Apellidos], [Nombres], [Sexo], [FechaNac]) VALUES (1, 6, N'Arslanian', N'Tamar', N'F', CAST(N'2000-10-28' AS Date))
INSERT [dbo].[Autores] ([ID], [IDPais], [Apellidos], [Nombres], [Sexo], [FechaNac]) VALUES (2, 6, N'Bachman', N'Richard', N'M', CAST(N'1991-06-04' AS Date))
INSERT [dbo].[Autores] ([ID], [IDPais], [Apellidos], [Nombres], [Sexo], [FechaNac]) VALUES (3, 2, N'Balmaceda', N'Daniel', N'M', CAST(N'1992-05-23' AS Date))
INSERT [dbo].[Autores] ([ID], [IDPais], [Apellidos], [Nombres], [Sexo], [FechaNac]) VALUES (4, 7, N'Bourdain', N'Anthony', N'M', CAST(N'1974-05-02' AS Date))
INSERT [dbo].[Autores] ([ID], [IDPais], [Apellidos], [Nombres], [Sexo], [FechaNac]) VALUES (5, 2, N'Bulat', N'Tomás', N'M', CAST(N'1980-08-10' AS Date))
INSERT [dbo].[Autores] ([ID], [IDPais], [Apellidos], [Nombres], [Sexo], [FechaNac]) VALUES (6, 9, N'Carroll', N'Lewis', N'M', CAST(N'1959-09-21' AS Date))
INSERT [dbo].[Autores] ([ID], [IDPais], [Apellidos], [Nombres], [Sexo], [FechaNac]) VALUES (7, 6, N'Cline', N'Ernest', N'M', CAST(N'1966-01-21' AS Date))
INSERT [dbo].[Autores] ([ID], [IDPais], [Apellidos], [Nombres], [Sexo], [FechaNac]) VALUES (8, 7, N'Cohat', N'Yves', N'M', CAST(N'1991-10-12' AS Date))
INSERT [dbo].[Autores] ([ID], [IDPais], [Apellidos], [Nombres], [Sexo], [FechaNac]) VALUES (9, 5, N'Coma', N'Oriol Comas i', N'M', CAST(N'1958-09-02' AS Date))
INSERT [dbo].[Autores] ([ID], [IDPais], [Apellidos], [Nombres], [Sexo], [FechaNac]) VALUES (10, 6, N'Bradshaw', N'Jon', N'M', CAST(N'1951-12-07' AS Date))
INSERT [dbo].[Autores] ([ID], [IDPais], [Apellidos], [Nombres], [Sexo], [FechaNac]) VALUES (11, 6, N'Cooke', N'Barclay', N'M', CAST(N'1986-12-07' AS Date))
INSERT [dbo].[Autores] ([ID], [IDPais], [Apellidos], [Nombres], [Sexo], [FechaNac]) VALUES (12, 6, N'Crichton', N'Michael', N'M', CAST(N'1970-03-27' AS Date))
INSERT [dbo].[Autores] ([ID], [IDPais], [Apellidos], [Nombres], [Sexo], [FechaNac]) VALUES (13, 9, N'Doyle', N'Arthur Conan', N'M', CAST(N'1953-10-14' AS Date))
INSERT [dbo].[Autores] ([ID], [IDPais], [Apellidos], [Nombres], [Sexo], [FechaNac]) VALUES (14, 7, N'Druon', N'Maurice', N'M', CAST(N'1940-01-03' AS Date))
INSERT [dbo].[Autores] ([ID], [IDPais], [Apellidos], [Nombres], [Sexo], [FechaNac]) VALUES (15, 6, N'Finkel', N'Elizabeth', N'F', CAST(N'1966-09-05' AS Date))
INSERT [dbo].[Autores] ([ID], [IDPais], [Apellidos], [Nombres], [Sexo], [FechaNac]) VALUES (16, 6, N'Eisenhart', N'Margaret', N'F', CAST(N'1957-05-15' AS Date))
INSERT [dbo].[Autores] ([ID], [IDPais], [Apellidos], [Nombres], [Sexo], [FechaNac]) VALUES (17, 6, N'Eskelner', N'Mikael', N'M', CAST(N'1936-10-27' AS Date))
INSERT [dbo].[Autores] ([ID], [IDPais], [Apellidos], [Nombres], [Sexo], [FechaNac]) VALUES (18, 6, N'Evans', N'Richard Paul', N'M', CAST(N'1987-11-01' AS Date))
INSERT [dbo].[Autores] ([ID], [IDPais], [Apellidos], [Nombres], [Sexo], [FechaNac]) VALUES (19, 6, N'Hart', N'Michael S.', N'M', CAST(N'1985-04-06' AS Date))
INSERT [dbo].[Autores] ([ID], [IDPais], [Apellidos], [Nombres], [Sexo], [FechaNac]) VALUES (20, 6, N'Hemingway', N'Ernest', N'M', CAST(N'1964-03-29' AS Date))
INSERT [dbo].[Autores] ([ID], [IDPais], [Apellidos], [Nombres], [Sexo], [FechaNac]) VALUES (21, 6, N'Farnes', N'Patricia', N'F', CAST(N'1959-08-25' AS Date))
INSERT [dbo].[Autores] ([ID], [IDPais], [Apellidos], [Nombres], [Sexo], [FechaNac]) VALUES (22, 6, N'Kass', N'Simon', N'M', CAST(N'2004-09-02' AS Date))
INSERT [dbo].[Autores] ([ID], [IDPais], [Apellidos], [Nombres], [Sexo], [FechaNac]) VALUES (23, 6, N'King', N'Stephen', N'M', CAST(N'1950-04-07' AS Date))
INSERT [dbo].[Autores] ([ID], [IDPais], [Apellidos], [Nombres], [Sexo], [FechaNac]) VALUES (24, 11, N'Larsson', N'S.J.', N'M', CAST(N'1990-04-02' AS Date))
INSERT [dbo].[Autores] ([ID], [IDPais], [Apellidos], [Nombres], [Sexo], [FechaNac]) VALUES (25, 9, N'McClure', N'Shaun', N'M', CAST(N'1967-06-04' AS Date))
INSERT [dbo].[Autores] ([ID], [IDPais], [Apellidos], [Nombres], [Sexo], [FechaNac]) VALUES (26, 6, N'Mechner', N'Jordan', N'M', CAST(N'1957-06-12' AS Date))
INSERT [dbo].[Autores] ([ID], [IDPais], [Apellidos], [Nombres], [Sexo], [FechaNac]) VALUES (27, 8, N'Orwell', N'George', N'M', CAST(N'1992-07-15' AS Date))
INSERT [dbo].[Autores] ([ID], [IDPais], [Apellidos], [Nombres], [Sexo], [FechaNac]) VALUES (28, 5, N'Pérez-Rodríguez', N'Uxío', N'M', CAST(N'1983-01-29' AS Date))
INSERT [dbo].[Autores] ([ID], [IDPais], [Apellidos], [Nombres], [Sexo], [FechaNac]) VALUES (29, 7, N'Saint-Exupéry', N'Antoine de', N'M', CAST(N'1994-12-02' AS Date))
INSERT [dbo].[Autores] ([ID], [IDPais], [Apellidos], [Nombres], [Sexo], [FechaNac]) VALUES (30, 1, N'Schreier', N'Jason', N'M', CAST(N'1957-10-27' AS Date))
INSERT [dbo].[Autores] ([ID], [IDPais], [Apellidos], [Nombres], [Sexo], [FechaNac]) VALUES (31, 6, N'Silberschatz', N'Abraham', N'M', CAST(N'1988-05-22' AS Date))
INSERT [dbo].[Autores] ([ID], [IDPais], [Apellidos], [Nombres], [Sexo], [FechaNac]) VALUES (32, 10, N'Sole', N'Alessandro Del', N'M', CAST(N'1971-07-04' AS Date))
INSERT [dbo].[Autores] ([ID], [IDPais], [Apellidos], [Nombres], [Sexo], [FechaNac]) VALUES (33, 6, N'Stevenson', N'Robert Louis', N'M', CAST(N'1915-10-29' AS Date))
INSERT [dbo].[Autores] ([ID], [IDPais], [Apellidos], [Nombres], [Sexo], [FechaNac]) VALUES (34, 7, N'Toussaint-Samat', N'Maguelonne', N'F', CAST(N'1972-08-23' AS Date))
INSERT [dbo].[Autores] ([ID], [IDPais], [Apellidos], [Nombres], [Sexo], [FechaNac]) VALUES (35, 6, N'Verdon', N'Jean', N'F', CAST(N'1989-10-06' AS Date))
INSERT [dbo].[Autores] ([ID], [IDPais], [Apellidos], [Nombres], [Sexo], [FechaNac]) VALUES (36, 7, N'Verne', N'Jules', N'M', CAST(N'1974-11-01' AS Date))
INSERT [dbo].[Autores] ([ID], [IDPais], [Apellidos], [Nombres], [Sexo], [FechaNac]) VALUES (37, 9, N'Walford', N'Robert', N'M', CAST(N'1966-02-27' AS Date))
INSERT [dbo].[Autores] ([ID], [IDPais], [Apellidos], [Nombres], [Sexo], [FechaNac]) VALUES (38, 4, N'Wilde', N'Oscar', N'M', CAST(N'1983-08-31' AS Date))
INSERT [dbo].[Autores] ([ID], [IDPais], [Apellidos], [Nombres], [Sexo], [FechaNac]) VALUES (39, 6, N'Zonderman', N'Jon', N'M', CAST(N'1980-10-09' AS Date))
INSERT [dbo].[Autores] ([ID], [IDPais], [Apellidos], [Nombres], [Sexo], [FechaNac]) VALUES (40, 3, N'Zweig', N'Stefan', N'M', CAST(N'1951-10-08' AS Date))
SET IDENTITY_INSERT [dbo].[Autores] OFF

-- FORMATOS
SET IDENTITY_INSERT [dbo].[Formatos] ON 
INSERT [dbo].[Formatos] ([ID], [Nombre]) VALUES (1, N'Tapa blanda')
INSERT [dbo].[Formatos] ([ID], [Nombre]) VALUES (2, N'Tapa dura')
INSERT [dbo].[Formatos] ([ID], [Nombre]) VALUES (3, N'Coleccionista')
INSERT [dbo].[Formatos] ([ID], [Nombre]) VALUES (4, N'Aniversario')
INSERT [dbo].[Formatos] ([ID], [Nombre]) VALUES (5, N'PDF')
INSERT [dbo].[Formatos] ([ID], [Nombre]) VALUES (6, N'EPUB')
INSERT [dbo].[Formatos] ([ID], [Nombre]) VALUES (7, N'MOBI')
INSERT [dbo].[Formatos] ([ID], [Nombre]) VALUES (8, N'DOC')
INSERT [dbo].[Formatos] ([ID], [Nombre]) VALUES (9, N'TXT')
INSERT [dbo].[Formatos] ([ID], [Nombre]) VALUES (10, N'RTF')
SET IDENTITY_INSERT [dbo].[Formatos] OFF

-- GENEROS
SET IDENTITY_INSERT [dbo].[Generos] ON 
INSERT [dbo].[Generos] ([ID], [Nombre]) VALUES (1, N'Ciencia Ficción')
INSERT [dbo].[Generos] ([ID], [Nombre]) VALUES (2, N'Terror')
INSERT [dbo].[Generos] ([ID], [Nombre]) VALUES (3, N'Informática')
INSERT [dbo].[Generos] ([ID], [Nombre]) VALUES (4, N'Histórico')
INSERT [dbo].[Generos] ([ID], [Nombre]) VALUES (5, N'Leyendas')
INSERT [dbo].[Generos] ([ID], [Nombre]) VALUES (6, N'Detectives')
INSERT [dbo].[Generos] ([ID], [Nombre]) VALUES (7, N'Fantasía')
INSERT [dbo].[Generos] ([ID], [Nombre]) VALUES (8, N'Cyberpunk')
INSERT [dbo].[Generos] ([ID], [Nombre]) VALUES (9, N'Historias cortas')
INSERT [dbo].[Generos] ([ID], [Nombre]) VALUES (10, N'Comida')
INSERT [dbo].[Generos] ([ID], [Nombre]) VALUES (11, N'Ficción histórica')
INSERT [dbo].[Generos] ([ID], [Nombre]) VALUES (12, N'Literatura francesa')
INSERT [dbo].[Generos] ([ID], [Nombre]) VALUES (13, N'Ciencia Ficción Post Apocalíptica')
INSERT [dbo].[Generos] ([ID], [Nombre]) VALUES (14, N'Animales')
INSERT [dbo].[Generos] ([ID], [Nombre]) VALUES (15, N'Edad media')
INSERT [dbo].[Generos] ([ID], [Nombre]) VALUES (16, N'Surrealista')
INSERT [dbo].[Generos] ([ID], [Nombre]) VALUES (17, N'Fantasía humorística')
INSERT [dbo].[Generos] ([ID], [Nombre]) VALUES (18, N'Juegos de mesa')
INSERT [dbo].[Generos] ([ID], [Nombre]) VALUES (19, N'Poesía')
INSERT [dbo].[Generos] ([ID], [Nombre]) VALUES (20, N'Programación')
INSERT [dbo].[Generos] ([ID], [Nombre]) VALUES (21, N'Videojuegos')
INSERT [dbo].[Generos] ([ID], [Nombre]) VALUES (22, N'Biología')
INSERT [dbo].[Generos] ([ID], [Nombre]) VALUES (23, N'Relatos')
INSERT [dbo].[Generos] ([ID], [Nombre]) VALUES (24, N'Novela romántica')
INSERT [dbo].[Generos] ([ID], [Nombre]) VALUES (25, N'Economía')
INSERT [dbo].[Generos] ([ID], [Nombre]) VALUES (26, N'Aliens')
INSERT [dbo].[Generos] ([ID], [Nombre]) VALUES (27, N'Literatura clásica')
INSERT [dbo].[Generos] ([ID], [Nombre]) VALUES (28, N'Misterio')
INSERT [dbo].[Generos] ([ID], [Nombre]) VALUES (29, N'Medicina')
INSERT [dbo].[Generos] ([ID], [Nombre]) VALUES (30, N'Diario')
INSERT [dbo].[Generos] ([ID], [Nombre]) VALUES (31, N'Fábula')
INSERT [dbo].[Generos] ([ID], [Nombre]) VALUES (32, N'Aventura en el mar')
INSERT [dbo].[Generos] ([ID], [Nombre]) VALUES (33, N'Cuento')
INSERT [dbo].[Generos] ([ID], [Nombre]) VALUES (34, N'Ficción para niños')
INSERT [dbo].[Generos] ([ID], [Nombre]) VALUES (35, N'Novela distópica')
INSERT [dbo].[Generos] ([ID], [Nombre]) VALUES (36, N'Ciencia')
INSERT [dbo].[Generos] ([ID], [Nombre]) VALUES (37, N'Feminismo')
INSERT [dbo].[Generos] ([ID], [Nombre]) VALUES (38, N'Fotografía')
INSERT [dbo].[Generos] ([ID], [Nombre]) VALUES (39, N'Para niños')
SET IDENTITY_INSERT [dbo].[Generos] OFF
